-- phpMyAdmin SQL Dump
-- version 3.5.1
-- http://www.phpmyadmin.net
--
-- Host: localhost
-- Generation Time: Aug 04, 2014 at 10:39 AM
-- Server version: 5.5.24-log
-- PHP Version: 5.3.13

SET SQL_MODE="NO_AUTO_VALUE_ON_ZERO";
SET time_zone = "+00:00";


/*!40101 SET @OLD_CHARACTER_SET_CLIENT=@@CHARACTER_SET_CLIENT */;
/*!40101 SET @OLD_CHARACTER_SET_RESULTS=@@CHARACTER_SET_RESULTS */;
/*!40101 SET @OLD_COLLATION_CONNECTION=@@COLLATION_CONNECTION */;
/*!40101 SET NAMES utf8 */;

--
-- Database: `tgss`
--

-- --------------------------------------------------------

--
-- Table structure for table `postercalenders`
--

CREATE TABLE IF NOT EXISTS `postercalenders` (
  `card_id` varchar(30) NOT NULL,
  `parent_type_id` varchar(255) NOT NULL,
  `card_type` varchar(255) NOT NULL,
  `card_type_display` varchar(255) NOT NULL,
  `no_of_column` int(11) NOT NULL,
  `quantity` int(11) NOT NULL,
  `price` decimal(10,2) NOT NULL,
  PRIMARY KEY (`card_id`)
) ENGINE=InnoDB DEFAULT CHARSET=utf8;

--
-- Dumping data for table `postercalenders`
--

INSERT INTO `postercalenders` (`card_id`, `parent_type_id`, `card_type`, `card_type_display`, `no_of_column`, `quantity`, `price`) VALUES
('PC_010101', 'PCT_000001', 'WF_70', 'W/F (70)', 1, 500, '50.00'),
('PC_010102', 'PCT_000001', 'WF_70', 'W/F (70)', 1, 1000, '34.00'),
('PC_010103', 'PCT_000001', 'WF_70', 'W/F (70)', 1, 1500, '31.00'),
('PC_010104', 'PCT_000001', 'WF_70', 'W/F (70)', 1, 2000, '28.00'),
('PC_010105', 'PCT_000001', 'WF_70', 'W/F (70)', 1, 2500, '26.00'),
('PC_010106', 'PCT_000001', 'WF_70', 'W/F (70)', 1, 3000, '25.00'),
('PC_010107', 'PCT_000001', 'WF_70', 'W/F (70)', 1, 5000, '24.00'),
('PC_010108', 'PCT_000001', 'WF_70', 'W/F (70)', 1, 10000, '22.00'),
('PC_010109', 'PCT_000001', 'WF_70', 'W/F (70)', 4, 500, '108.00'),
('PC_010110', 'PCT_000001', 'WF_70', 'W/F (70)', 4, 1000, '63.00'),
('PC_010111', 'PCT_000001', 'WF_70', 'W/F (70)', 4, 1500, '55.00'),
('PC_010112', 'PCT_000001', 'WF_70', 'W/F (70)', 4, 2000, '48.00'),
('PC_010113', 'PCT_000001', 'WF_70', 'W/F (70)', 4, 2500, '44.00'),
('PC_010114', 'PCT_000001', 'WF_70', 'W/F (70)', 4, 3000, '42.00'),
('PC_010115', 'PCT_000001', 'WF_70', 'W/F (70)', 4, 5000, '40.00'),
('PC_010116', 'PCT_000001', 'WF_70', 'W/F (70)', 4, 10000, '35.00'),
('PC_010201', 'PCT_000001', 'AP_85', 'A/P (85)', 1, 500, '54.00'),
('PC_010202', 'PCT_000001', 'AP_85', 'A/P (85)', 1, 1000, '37.00'),
('PC_010203', 'PCT_000001', 'AP_85', 'A/P (85)', 1, 1500, '34.00'),
('PC_010204', 'PCT_000001', 'AP_85', 'A/P (85)', 1, 2000, '31.00'),
('PC_010205', 'PCT_000001', 'AP_85', 'A/P (85)', 1, 2500, '30.00'),
('PC_010206', 'PCT_000001', 'AP_85', 'A/P (85)', 1, 3000, '29.00'),
('PC_010207', 'PCT_000001', 'AP_85', 'A/P (85)', 1, 5000, '27.00'),
('PC_010208', 'PCT_000001', 'AP_85', 'A/P (85)', 1, 10000, '25.00'),
('PC_010209', 'PCT_000001', 'AP_85', 'A/P (85)', 4, 500, '112.00'),
('PC_010210', 'PCT_000001', 'AP_85', 'A/P (85)', 4, 1000, '66.00'),
('PC_010211', 'PCT_000001', 'AP_85', 'A/P (85)', 4, 1500, '59.00'),
('PC_010212', 'PCT_000001', 'AP_85', 'A/P (85)', 4, 2000, '52.00'),
('PC_010213', 'PCT_000001', 'AP_85', 'A/P (85)', 4, 2500, '48.00'),
('PC_010214', 'PCT_000001', 'AP_85', 'A/P (85)', 4, 3000, '46.00'),
('PC_010215', 'PCT_000001', 'AP_85', 'A/P (85)', 4, 5000, '43.00'),
('PC_010216', 'PCT_000001', 'AP_85', 'A/P (85)', 4, 10000, '39.00'),
('PC_010301', 'PCT_000001', 'AP_100', 'A/P (100)', 1, 500, '57.00'),
('PC_010302', 'PCT_000001', 'AP_100', 'A/P (100)', 1, 1000, '40.00'),
('PC_010303', 'PCT_000001', 'AP_100', 'A/P (100)', 1, 1500, '36.00'),
('PC_010304', 'PCT_000001', 'AP_100', 'A/P (100)', 1, 2000, '34.00'),
('PC_010305', 'PCT_000001', 'AP_100', 'A/P (100)', 1, 2500, '32.00'),
('PC_010306', 'PCT_000001', 'AP_100', 'A/P (100)', 1, 3000, '31.00'),
('PC_010307', 'PCT_000001', 'AP_100', 'A/P (100)', 1, 5000, '30.00'),
('PC_010308', 'PCT_000001', 'AP_100', 'A/P (100)', 1, 10000, '28.00'),
('PC_010309', 'PCT_000001', 'AP_100', 'A/P (100)', 4, 500, '115.00'),
('PC_010310', 'PCT_000001', 'AP_100', 'A/P (100)', 4, 1000, '69.00'),
('PC_010311', 'PCT_000001', 'AP_100', 'A/P (100)', 4, 1500, '60.00'),
('PC_010312', 'PCT_000001', 'AP_100', 'A/P (100)', 4, 2000, '54.00'),
('PC_010313', 'PCT_000001', 'AP_100', 'A/P (100)', 4, 2500, '50.00'),
('PC_010314', 'PCT_000001', 'AP_100', 'A/P (100)', 4, 3000, '48.00'),
('PC_010315', 'PCT_000001', 'AP_100', 'A/P (100)', 4, 5000, '45.00'),
('PC_010316', 'PCT_000001', 'AP_100', 'A/P (100)', 4, 10000, '40.00'),
('PC_010401', 'PCT_000001', 'AP_128', 'A/P (128)', 1, 500, '68.00'),
('PC_010402', 'PCT_000001', 'AP_128', 'A/P (128)', 1, 1000, '50.00'),
('PC_010403', 'PCT_000001', 'AP_128', 'A/P (128)', 1, 1500, '45.00'),
('PC_010404', 'PCT_000001', 'AP_128', 'A/P (128)', 1, 2000, '43.00'),
('PC_010405', 'PCT_000001', 'AP_128', 'A/P (128)', 1, 2500, '42.00'),
('PC_010406', 'PCT_000001', 'AP_128', 'A/P (128)', 1, 3000, '40.00'),
('PC_010407', 'PCT_000001', 'AP_128', 'A/P (128)', 1, 5000, '38.00'),
('PC_010408', 'PCT_000001', 'AP_128', 'A/P (128)', 1, 10000, '36.00'),
('PC_010409', 'PCT_000001', 'AP_128', 'A/P (128)', 4, 500, '126.00'),
('PC_010410', 'PCT_000001', 'AP_128', 'A/P (128)', 4, 1000, '80.00'),
('PC_010411', 'PCT_000001', 'AP_128', 'A/P (128)', 4, 1500, '70.00'),
('PC_010412', 'PCT_000001', 'AP_128', 'A/P (128)', 4, 2000, '63.00'),
('PC_010413', 'PCT_000001', 'AP_128', 'A/P (128)', 4, 2500, '59.00'),
('PC_010414', 'PCT_000001', 'AP_128', 'A/P (128)', 4, 3000, '57.00'),
('PC_010415', 'PCT_000001', 'AP_128', 'A/P (128)', 4, 5000, '55.00'),
('PC_010416', 'PCT_000001', 'AP_128', 'A/P (128)', 4, 10000, '49.00'),
('PC_010501', 'PCT_000001', 'AP_148', 'A/P (148)', 1, 500, '73.00'),
('PC_010502', 'PCT_000001', 'AP_148', 'A/P (148)', 1, 1000, '53.00'),
('PC_010503', 'PCT_000001', 'AP_148', 'A/P (148)', 1, 1500, '50.00'),
('PC_010504', 'PCT_000001', 'AP_148', 'A/P (148)', 1, 2000, '47.00'),
('PC_010505', 'PCT_000001', 'AP_148', 'A/P (148)', 1, 2500, '45.00'),
('PC_010506', 'PCT_000001', 'AP_148', 'A/P (148)', 1, 3000, '43.00'),
('PC_010507', 'PCT_000001', 'AP_148', 'A/P (148)', 1, 5000, '41.00'),
('PC_010508', 'PCT_000001', 'AP_148', 'A/P (148)', 1, 10000, '39.00'),
('PC_010509', 'PCT_000001', 'AP_148', 'A/P (148)', 4, 500, '132.00'),
('PC_010510', 'PCT_000001', 'AP_148', 'A/P (148)', 4, 1000, '82.00'),
('PC_010511', 'PCT_000001', 'AP_148', 'A/P (148)', 4, 1500, '74.00'),
('PC_010512', 'PCT_000001', 'AP_148', 'A/P (148)', 4, 2000, '66.00'),
('PC_010513', 'PCT_000001', 'AP_148', 'A/P (148)', 4, 2500, '63.00'),
('PC_010514', 'PCT_000001', 'AP_148', 'A/P (148)', 4, 3000, '61.00'),
('PC_010515', 'PCT_000001', 'AP_148', 'A/P (148)', 4, 5000, '57.00'),
('PC_010516', 'PCT_000001', 'AP_148', 'A/P (148)', 4, 10000, '52.00'),
('PC_010601', 'PCT_000001', 'AC_210', 'A/C (210)', 1, 500, '100.00'),
('PC_010602', 'PCT_000001', 'AC_210', 'A/C (210)', 1, 1000, '82.00'),
('PC_010603', 'PCT_000001', 'AC_210', 'A/C (210)', 1, 1500, '77.00'),
('PC_010604', 'PCT_000001', 'AC_210', 'A/C (210)', 1, 2000, '72.00'),
('PC_010605', 'PCT_000001', 'AC_210', 'A/C (210)', 1, 2500, '70.00'),
('PC_010606', 'PCT_000001', 'AC_210', 'A/C (210)', 1, 3000, '68.00'),
('PC_010607', 'PCT_000001', 'AC_210', 'A/C (210)', 1, 5000, '66.00'),
('PC_010608', 'PCT_000001', 'AC_210', 'A/C (210)', 1, 10000, '63.00'),
('PC_010609', 'PCT_000001', 'AC_210', 'A/C (210)', 4, 500, '160.00'),
('PC_010610', 'PCT_000001', 'AC_210', 'A/C (210)', 4, 1000, '115.00'),
('PC_010611', 'PCT_000001', 'AC_210', 'A/C (210)', 4, 1500, '102.00'),
('PC_010612', 'PCT_000001', 'AC_210', 'A/C (210)', 4, 2000, '94.00'),
('PC_010613', 'PCT_000001', 'AC_210', 'A/C (210)', 4, 2500, '88.00'),
('PC_010614', 'PCT_000001', 'AC_210', 'A/C (210)', 4, 3000, '86.00'),
('PC_010615', 'PCT_000001', 'AC_210', 'A/C (210)', 4, 5000, '83.00'),
('PC_010616', 'PCT_000001', 'AC_210', 'A/C (210)', 4, 10000, '78.00'),
('PC_010701', 'PCT_000001', 'AC_250', 'A/C (250)', 1, 500, '125.00'),
('PC_010702', 'PCT_000001', 'AC_250', 'A/C (250)', 1, 1000, '97.00'),
('PC_010703', 'PCT_000001', 'AC_250', 'A/C (250)', 1, 1500, '89.00'),
('PC_010704', 'PCT_000001', 'AC_250', 'A/C (250)', 1, 2000, '85.00'),
('PC_010705', 'PCT_000001', 'AC_250', 'A/C (250)', 1, 2500, '83.00'),
('PC_010706', 'PCT_000001', 'AC_250', 'A/C (250)', 1, 3000, '81.00'),
('PC_010707', 'PCT_000001', 'AC_250', 'A/C (250)', 1, 5000, '78.00'),
('PC_010708', 'PCT_000001', 'AC_250', 'A/C (250)', 1, 10000, '75.00'),
('PC_010709', 'PCT_000001', 'AC_250', 'A/C (250)', 4, 500, '180.00'),
('PC_010710', 'PCT_000001', 'AC_250', 'A/C (250)', 4, 1000, '127.00'),
('PC_010711', 'PCT_000001', 'AC_250', 'A/C (250)', 4, 1500, '115.00'),
('PC_010712', 'PCT_000001', 'AC_250', 'A/C (250)', 4, 2000, '105.00'),
('PC_010713', 'PCT_000001', 'AC_250', 'A/C (250)', 4, 2500, '100.00'),
('PC_010714', 'PCT_000001', 'AC_250', 'A/C (250)', 4, 3000, '98.00'),
('PC_010715', 'PCT_000001', 'AC_250', 'A/C (250)', 4, 5000, '94.00'),
('PC_010716', 'PCT_000001', 'AC_250', 'A/C (250)', 4, 10000, '90.00'),
('PC_010801', 'PCT_000001', 'AC_300', 'A/C (300)', 1, 500, '145.00'),
('PC_010802', 'PCT_000001', 'AC_300', 'A/C (300)', 1, 1000, '115.00'),
('PC_010803', 'PCT_000001', 'AC_300', 'A/C (300)', 1, 1500, '107.00'),
('PC_010804', 'PCT_000001', 'AC_300', 'A/C (300)', 1, 2000, '100.00'),
('PC_010805', 'PCT_000001', 'AC_300', 'A/C (300)', 1, 2500, '98.00'),
('PC_010806', 'PCT_000001', 'AC_300', 'A/C (300)', 1, 3000, '96.00'),
('PC_010807', 'PCT_000001', 'AC_300', 'A/C (300)', 1, 5000, '93.00'),
('PC_010808', 'PCT_000001', 'AC_300', 'A/C (300)', 1, 10000, '90.00'),
('PC_010809', 'PCT_000001', 'AC_300', 'A/C (300)', 4, 500, '200.00'),
('PC_010810', 'PCT_000001', 'AC_300', 'A/C (300)', 4, 1000, '145.00'),
('PC_010811', 'PCT_000001', 'AC_300', 'A/C (300)', 4, 1500, '132.00'),
('PC_010812', 'PCT_000001', 'AC_300', 'A/C (300)', 4, 2000, '121.00'),
('PC_010813', 'PCT_000001', 'AC_300', 'A/C (300)', 4, 2500, '116.00'),
('PC_010814', 'PCT_000001', 'AC_300', 'A/C (300)', 4, 3000, '113.00'),
('PC_010815', 'PCT_000001', 'AC_300', 'A/C (300)', 4, 5000, '109.00'),
('PC_010816', 'PCT_000001', 'AC_300', 'A/C (300)', 4, 10000, '103.00'),
('PC_020101', 'PCT_000002', 'WF_70', 'W/F (70)', 1, 500, '106.00'),
('PC_020102', 'PCT_000002', 'WF_70', 'W/F (70)', 1, 1000, '70.00'),
('PC_020103', 'PCT_000002', 'WF_70', 'W/F (70)', 1, 1500, '62.00'),
('PC_020104', 'PCT_000002', 'WF_70', 'W/F (70)', 1, 2000, '58.00'),
('PC_020105', 'PCT_000002', 'WF_70', 'W/F (70)', 1, 2500, '55.00'),
('PC_020106', 'PCT_000002', 'WF_70', 'W/F (70)', 1, 3000, '53.00'),
('PC_020107', 'PCT_000002', 'WF_70', 'W/F (70)', 1, 5000, '51.00'),
('PC_020108', 'PCT_000002', 'WF_70', 'W/F (70)', 1, 10000, '48.00'),
('PC_020109', 'PCT_000002', 'WF_70', 'W/F (70)', 4, 500, '246.00'),
('PC_020110', 'PCT_000002', 'WF_70', 'W/F (70)', 4, 1000, '140.00'),
('PC_020111', 'PCT_000002', 'WF_70', 'W/F (70)', 4, 1500, '123.00'),
('PC_020112', 'PCT_000002', 'WF_70', 'W/F (70)', 4, 2000, '108.00'),
('PC_020113', 'PCT_000002', 'WF_70', 'W/F (70)', 4, 2500, '100.00'),
('PC_020114', 'PCT_000002', 'WF_70', 'W/F (70)', 4, 3000, '93.00'),
('PC_020115', 'PCT_000002', 'WF_70', 'W/F (70)', 4, 5000, '85.00'),
('PC_020116', 'PCT_000002', 'WF_70', 'W/F (70)', 4, 10000, '77.00'),
('PC_020201', 'PCT_000002', 'AP_85', 'A/P (85)', 1, 500, '116.00'),
('PC_020202', 'PCT_000002', 'AP_85', 'A/P (85)', 1, 1000, '80.00'),
('PC_020203', 'PCT_000002', 'AP_85', 'A/P (85)', 1, 1500, '70.00'),
('PC_020204', 'PCT_000002', 'AP_85', 'A/P (85)', 1, 2000, '66.00'),
('PC_020205', 'PCT_000002', 'AP_85', 'A/P (85)', 1, 2500, '63.00'),
('PC_020206', 'PCT_000002', 'AP_85', 'A/P (85)', 1, 3000, '61.00'),
('PC_020207', 'PCT_000002', 'AP_85', 'A/P (85)', 1, 5000, '59.00'),
('PC_020208', 'PCT_000002', 'AP_85', 'A/P (85)', 1, 10000, '56.00'),
('PC_020209', 'PCT_000002', 'AP_85', 'A/P (85)', 4, 500, '258.00'),
('PC_020210', 'PCT_000002', 'AP_85', 'A/P (85)', 4, 1000, '150.00'),
('PC_020211', 'PCT_000002', 'AP_85', 'A/P (85)', 4, 1500, '132.00'),
('PC_020212', 'PCT_000002', 'AP_85', 'A/P (85)', 4, 2000, '116.00'),
('PC_020213', 'PCT_000002', 'AP_85', 'A/P (85)', 4, 2500, '108.00'),
('PC_020214', 'PCT_000002', 'AP_85', 'A/P (85)', 4, 3000, '102.00'),
('PC_020215', 'PCT_000002', 'AP_85', 'A/P (85)', 4, 5000, '93.00'),
('PC_020216', 'PCT_000002', 'AP_85', 'A/P (85)', 4, 10000, '85.00'),
('PC_020301', 'PCT_000002', 'AP_100', 'A/P (100)', 1, 500, '123.00'),
('PC_020302', 'PCT_000002', 'AP_100', 'A/P (100)', 1, 1000, '85.00'),
('PC_020303', 'PCT_000002', 'AP_100', 'A/P (100)', 1, 1500, '75.00'),
('PC_020304', 'PCT_000002', 'AP_100', 'A/P (100)', 1, 2000, '70.00'),
('PC_020305', 'PCT_000002', 'AP_100', 'A/P (100)', 1, 2500, '65.00'),
('PC_020306', 'PCT_000002', 'AP_100', 'A/P (100)', 1, 3000, '63.00'),
('PC_020307', 'PCT_000002', 'AP_100', 'A/P (100)', 1, 5000, '62.00'),
('PC_020308', 'PCT_000002', 'AP_100', 'A/P (100)', 1, 10000, '60.00'),
('PC_020309', 'PCT_000002', 'AP_100', 'A/P (100)', 4, 500, '263.00'),
('PC_020310', 'PCT_000002', 'AP_100', 'A/P (100)', 4, 1000, '155.00'),
('PC_020311', 'PCT_000002', 'AP_100', 'A/P (100)', 4, 1500, '136.00'),
('PC_020312', 'PCT_000002', 'AP_100', 'A/P (100)', 4, 2000, '113.00'),
('PC_020313', 'PCT_000002', 'AP_100', 'A/P (100)', 4, 2500, '105.00'),
('PC_020314', 'PCT_000002', 'AP_100', 'A/P (100)', 4, 3000, '97.00'),
('PC_020315', 'PCT_000002', 'AP_100', 'A/P (100)', 4, 5000, '96.00'),
('PC_020316', 'PCT_000002', 'AP_100', 'A/P (100)', 4, 10000, '90.00'),
('PC_020401', 'PCT_000002', 'AP_128', 'A/P (128)', 1, 500, '145.00'),
('PC_020402', 'PCT_000002', 'AP_128', 'A/P (128)', 1, 1000, '104.00'),
('PC_020403', 'PCT_000002', 'AP_128', 'A/P (128)', 1, 1500, '94.00'),
('PC_020404', 'PCT_000002', 'AP_128', 'A/P (128)', 1, 2000, '88.00'),
('PC_020405', 'PCT_000002', 'AP_128', 'A/P (128)', 1, 2500, '84.00'),
('PC_020406', 'PCT_000002', 'AP_128', 'A/P (128)', 1, 3000, '82.00'),
('PC_020407', 'PCT_000002', 'AP_128', 'A/P (128)', 1, 5000, '80.00'),
('PC_020408', 'PCT_000002', 'AP_128', 'A/P (128)', 1, 10000, '77.00'),
('PC_020409', 'PCT_000002', 'AP_128', 'A/P (128)', 4, 500, '285.00'),
('PC_020410', 'PCT_000002', 'AP_128', 'A/P (128)', 4, 1000, '175.00'),
('PC_020411', 'PCT_000002', 'AP_128', 'A/P (128)', 4, 1500, '155.00'),
('PC_020412', 'PCT_000002', 'AP_128', 'A/P (128)', 4, 2000, '138.00'),
('PC_020413', 'PCT_000002', 'AP_128', 'A/P (128)', 4, 2500, '130.00'),
('PC_020414', 'PCT_000002', 'AP_128', 'A/P (128)', 4, 3000, '123.00'),
('PC_020415', 'PCT_000002', 'AP_128', 'A/P (128)', 4, 5000, '114.00'),
('PC_020416', 'PCT_000002', 'AP_128', 'A/P (128)', 4, 10000, '105.00'),
('PC_020501', 'PCT_000002', 'AP_148', 'A/P (148)', 1, 500, '154.00'),
('PC_020502', 'PCT_000002', 'AP_148', 'A/P (148)', 1, 1000, '110.00'),
('PC_020503', 'PCT_000002', 'AP_148', 'A/P (148)', 1, 1500, '100.00'),
('PC_020504', 'PCT_000002', 'AP_148', 'A/P (148)', 1, 2000, '94.00'),
('PC_020505', 'PCT_000002', 'AP_148', 'A/P (148)', 1, 2500, '91.00'),
('PC_020506', 'PCT_000002', 'AP_148', 'A/P (148)', 1, 3000, '89.00'),
('PC_020507', 'PCT_000002', 'AP_148', 'A/P (148)', 1, 5000, '86.00'),
('PC_020508', 'PCT_000002', 'AP_148', 'A/P (148)', 1, 10000, '83.00'),
('PC_020509', 'PCT_000002', 'AP_148', 'A/P (148)', 4, 500, '295.00'),
('PC_020510', 'PCT_000002', 'AP_148', 'A/P (148)', 4, 1000, '182.00'),
('PC_020511', 'PCT_000002', 'AP_148', 'A/P (148)', 4, 1500, '162.00'),
('PC_020512', 'PCT_000002', 'AP_148', 'A/P (148)', 4, 2000, '145.00'),
('PC_020513', 'PCT_000002', 'AP_148', 'A/P (148)', 4, 2500, '136.00'),
('PC_020514', 'PCT_000002', 'AP_148', 'A/P (148)', 4, 3000, '129.00'),
('PC_020515', 'PCT_000002', 'AP_148', 'A/P (148)', 4, 5000, '120.00'),
('PC_020516', 'PCT_000002', 'AP_148', 'A/P (148)', 4, 10000, '112.00'),
('PC_020601', 'PCT_000002', 'AC_210', 'A/C (210)', 1, 500, '210.00'),
('PC_020602', 'PCT_000002', 'AC_210', 'A/C (210)', 1, 1000, '158.00'),
('PC_020603', 'PCT_000002', 'AC_210', 'A/C (210)', 1, 1500, '145.00'),
('PC_020604', 'PCT_000002', 'AC_210', 'A/C (210)', 1, 2000, '136.00'),
('PC_020605', 'PCT_000002', 'AC_210', 'A/C (210)', 1, 2500, '132.00'),
('PC_020606', 'PCT_000002', 'AC_210', 'A/C (210)', 1, 3000, '130.00'),
('PC_020607', 'PCT_000002', 'AC_210', 'A/C (210)', 1, 5000, '127.00'),
('PC_020608', 'PCT_000002', 'AC_210', 'A/C (210)', 1, 10000, '123.00'),
('PC_020609', 'PCT_000002', 'AC_210', 'A/C (210)', 4, 500, '350.00'),
('PC_020610', 'PCT_000002', 'AC_210', 'A/C (210)', 4, 1000, '228.00'),
('PC_020611', 'PCT_000002', 'AC_210', 'A/C (210)', 4, 1500, '206.00'),
('PC_020612', 'PCT_000002', 'AC_210', 'A/C (210)', 4, 2000, '186.00'),
('PC_020613', 'PCT_000002', 'AC_210', 'A/C (210)', 4, 2500, '178.00'),
('PC_020614', 'PCT_000002', 'AC_210', 'A/C (210)', 4, 3000, '170.00'),
('PC_020615', 'PCT_000002', 'AC_210', 'A/C (210)', 4, 5000, '161.00'),
('PC_020616', 'PCT_000002', 'AC_210', 'A/C (210)', 4, 10000, '152.00'),
('PC_020701', 'PCT_000002', 'AC_250', 'A/C (250)', 1, 500, '250.00'),
('PC_020702', 'PCT_000002', 'AC_250', 'A/C (250)', 1, 1000, '194.00'),
('PC_020703', 'PCT_000002', 'AC_250', 'A/C (250)', 1, 1500, '179.00'),
('PC_020704', 'PCT_000002', 'AC_250', 'A/C (250)', 1, 2000, '170.00'),
('PC_020705', 'PCT_000002', 'AC_250', 'A/C (250)', 1, 2500, '165.00'),
('PC_020706', 'PCT_000002', 'AC_250', 'A/C (250)', 1, 3000, '162.00'),
('PC_020707', 'PCT_000002', 'AC_250', 'A/C (250)', 1, 5000, '158.00'),
('PC_020708', 'PCT_000002', 'AC_250', 'A/C (250)', 1, 10000, '153.00'),
('PC_020709', 'PCT_000002', 'AC_250', 'A/C (250)', 4, 500, '390.00'),
('PC_020710', 'PCT_000002', 'AC_250', 'A/C (250)', 4, 1000, '264.00'),
('PC_020711', 'PCT_000002', 'AC_250', 'A/C (250)', 4, 1500, '240.00'),
('PC_020712', 'PCT_000002', 'AC_250', 'A/C (250)', 4, 2000, '220.00'),
('PC_020713', 'PCT_000002', 'AC_250', 'A/C (250)', 4, 2500, '210.00'),
('PC_020714', 'PCT_000002', 'AC_250', 'A/C (250)', 4, 3000, '202.00'),
('PC_020715', 'PCT_000002', 'AC_250', 'A/C (250)', 4, 5000, '192.00'),
('PC_020716', 'PCT_000002', 'AC_250', 'A/C (250)', 4, 10000, '182.00'),
('PC_020801', 'PCT_000002', 'AC_300', 'A/C (300)', 1, 500, '292.00'),
('PC_020802', 'PCT_000002', 'AC_300', 'A/C (300)', 1, 1000, '230.00'),
('PC_020803', 'PCT_000002', 'AC_300', 'A/C (300)', 1, 1500, '213.00'),
('PC_020804', 'PCT_000002', 'AC_300', 'A/C (300)', 1, 2000, '203.00'),
('PC_020805', 'PCT_000002', 'AC_300', 'A/C (300)', 1, 2500, '198.00'),
('PC_020806', 'PCT_000002', 'AC_300', 'A/C (300)', 1, 3000, '195.00'),
('PC_020807', 'PCT_000002', 'AC_300', 'A/C (300)', 1, 5000, '189.00'),
('PC_020808', 'PCT_000002', 'AC_300', 'A/C (300)', 1, 10000, '184.00'),
('PC_020809', 'PCT_000002', 'AC_300', 'A/C (300)', 4, 500, '432.00'),
('PC_020810', 'PCT_000002', 'AC_300', 'A/C (300)', 4, 1000, '300.00'),
('PC_020811', 'PCT_000002', 'AC_300', 'A/C (300)', 4, 1500, '274.00'),
('PC_020812', 'PCT_000002', 'AC_300', 'A/C (300)', 4, 2000, '253.00'),
('PC_020813', 'PCT_000002', 'AC_300', 'A/C (300)', 4, 2500, '243.00'),
('PC_020814', 'PCT_000002', 'AC_300', 'A/C (300)', 4, 3000, '235.00'),
('PC_020815', 'PCT_000002', 'AC_300', 'A/C (300)', 4, 5000, '223.00'),
('PC_020816', 'PCT_000002', 'AC_300', 'A/C (300)', 4, 10000, '213.00');

-- --------------------------------------------------------

--
-- Table structure for table `postercalender_frames`
--

CREATE TABLE IF NOT EXISTS `postercalender_frames` (
  `id` int(11) NOT NULL,
  `type_id` varchar(30) NOT NULL,
  `frame_type` varchar(255) NOT NULL,
  `price` decimal(10,2) NOT NULL,
  PRIMARY KEY (`id`)
) ENGINE=InnoDB DEFAULT CHARSET=utf8;

--
-- Dumping data for table `postercalender_frames`
--

INSERT INTO `postercalender_frames` (`id`, `type_id`, `frame_type`, `price`) VALUES
(1, 'PCT_000001', 'steel plate (single)', '30.00'),
(2, 'PCT_000001', 'steel plate (double)', '50.00'),
(3, 'PCT_000001', 'plastic', '60.00'),
(4, 'PCT_000001', 'plastic + metal', '200.00'),
(5, 'PCT_000002', 'steel plate (single)', '40.00'),
(6, 'PCT_000002', 'steel plate (double)', '70.00'),
(7, 'PCT_000002', 'plastic', '80.00'),
(8, 'PCT_000002', 'plastic + metal', '270.00');

-- --------------------------------------------------------

--
-- Table structure for table `postercalender_types`
--

CREATE TABLE IF NOT EXISTS `postercalender_types` (
  `type_id` varchar(30) NOT NULL,
  `card_type_display` varchar(255) NOT NULL,
  `quality` varchar(255) NOT NULL,
  `size` varchar(255) NOT NULL,
  PRIMARY KEY (`type_id`)
) ENGINE=InnoDB DEFAULT CHARSET=utf8;

--
-- Dumping data for table `postercalender_types`
--

INSERT INTO `postercalender_types` (`type_id`, `card_type_display`, `quality`, `size`) VALUES
('PCT_000001', 'poster calender 1', '1 side printing', '15" x 20"'),
('PCT_000002', 'poster calender 2', '1 side printing', '20" x 30"');

/*!40101 SET CHARACTER_SET_CLIENT=@OLD_CHARACTER_SET_CLIENT */;
/*!40101 SET CHARACTER_SET_RESULTS=@OLD_CHARACTER_SET_RESULTS */;
/*!40101 SET COLLATION_CONNECTION=@OLD_COLLATION_CONNECTION */;
